strategy,profile,signalDate,date,side,symbol,shares,executionPrice,notional,fees,slippage,equityBeforeTrade,targetFraction
dual_momentum,zero_cost,2021-12-31,2022-01-03,buy,SPY,211.97796851095595,448.15978126090016,95000,0,0,100000,0.95
dual_momentum,zero_cost,2022-05-31,2022-06-01,sell,SPY,211.97796851095595,391.8550043373775,83064.62777028912,0,0,88064.62777028912,0.9432235152001984
dual_momentum,zero_cost,2022-05-31,2022-06-01,buy,BIL,1088.577286604583,76.85388755696499,83661.39638177467,0,0,88064.62777028912,0.9500000000000001
dual_momentum,zero_cost,2023-04-28,2023-05-01,sell,BIL,1088.577286604583,78.98074621795688,85976.64641194868,0,0,90379.87780046313,0.9512808437489181
dual_momentum,zero_cost,2023-04-28,2023-05-01,buy,QQQ,271.6008202598235,316.1289565631733,85860.88391043997,0,0,90379.87780046313,0.95
dual_momentum,zero_cost,2024-08-30,2024-09-03,sell,QQQ,271.6008202598235,468.2888929130331,127187.64743374444,0,0,131706.6413237676,0.9656889444252522
dual_momentum,zero_cost,2024-08-30,2024-09-03,buy,SPY,228.52845128881,547.5086736550506,125121.30925757921,0,0,131706.6413237676,0.95
dual_momentum,zero_cost,2024-09-30,2024-10-01,sell,SPY,228.52845128881,561.8578213673073,128400.4977615756,0,0,134985.829827764,0.9512146417546864
dual_momentum,zero_cost,2024-09-30,2024-10-01,buy,QQQ,265.3261293200053,483.31665887950265,128236.5383363758,0,0,134985.829827764,0.95
dual_momentum,zero_cost,2024-11-29,2024-12-02,sell,QQQ,265.3261293200053,506.4170995466131,134365.68884416667,0,0,141114.98033555486,0.9521716866959187
dual_momentum,zero_cost,2024-11-29,2024-12-02,buy,SPY,226.89894820846635,590.8323171053594,134059.2313187771,0,0,141114.98033555486,0.9499999999999998
dual_momentum,zero_cost,2024-12-31,2025-01-02,sell,SPY,226.89894820846635,579.4696102256324,131481.04507896595,0,0,138536.7940957437,0.9490694940442935
dual_momentum,zero_cost,2024-12-31,2025-01-02,buy,QQQ,257.8062687952554,510.49943434648804,131609.95439095653,0,0,138536.7940957437,0.95
dual_momentum,zero_cost,2025-01-31,2025-02-03,sell,QQQ,257.8062687952554,509.6755241871737,131397.5451869612,0,0,138324.38489174837,0.9499232206222491
dual_momentum,zero_cost,2025-01-31,2025-02-03,buy,SPY,225.51819226262114,582.6943020815504,131408.16564716093,0,0,138324.38489174837,0.9499999999999998
dual_momentum,zero_cost,2025-04-30,2025-05-01,sell,SPY,225.51819226262114,552.5952816524762,124620.2889711204,0,0,131536.50821570784,0.9474197746435121
dual_momentum,zero_cost,2025-04-30,2025-05-01,buy,QQQ,260.032955858994,480.5532529218463,124959.68280492244,0,0,131536.50821570784,0.95
dual_momentum,webull_current,2021-12-31,2022-01-03,buy,SPY,211.97323865237615,448.16978126090015,95000,0.0006359197159571285,2.1197323865218336,100000,0.95
dual_momentum,webull_current,2022-05-31,2022-06-01,sell,SPY,211.97323865237615,391.84500433737753,83060.65461914829,1.7530201864076251,2.1197323865218336,88062.7737156151,0.94319825636403
dual_momentum,webull_current,2022-05-31,2022-06-01,buy,BIL,1088.3648820506426,76.863887556965,83655.95591489006,0.0032650946461519276,10.883648820511993,88058.90096304216,0.9500000000000001
dual_momentum,webull_current,2023-04-28,2023-05-01,sell,BIL,1088.3648820506426,78.97074621795687,85948.98689295785,1.986045376640959,10.883648820511993,90362.81232483582,0.9511544039155049
dual_momentum,webull_current,2023-04-28,2023-05-01,buy,QQQ,271.5022736590675,316.1389565631733,85832.44549910672,0.0008145068209772026,2.715022736588206,90349.94263063866,0.95
dual_momentum,webull_current,2024-08-30,2024-09-03,sell,QQQ,271.5022736590675,468.27889291303313,127138.78413243948,2.6728164033127486,2.715022736588206,131658.9954722012,0.9656672806628231
dual_momentum,webull_current,2024-08-30,2024-09-03,buy,SPY,228.4322586049472,547.5186736550506,125070.92725140823,0.0006852967758148417,2.2843225860473946,131653.6076330613,0.95
dual_momentum,webull_current,2024-09-30,2024-10-01,sell,SPY,228.4322586049472,561.8478213673073,128344.16682720293,2.68911942384416,2.2843225860473946,134929.13084614527,0.9511968692183237
dual_momentum,webull_current,2024-09-30,2024-10-01,buy,QQQ,265.19941985216343,483.32665887950265,128177.9495339286,0.0007955982595564903,2.651994198519222,134924.1574041354,0.9499999999999998
dual_momentum,webull_current,2024-11-29,2024-12-02,sell,QQQ,265.19941985216343,506.4070995466131,134298.86900877857,2.819066186711567,2.651994198519222,141047.72807758563,0.9521519477074118
dual_momentum,webull_current,2024-11-29,2024-12-02,buy,SPY,226.7781780133517,590.8423171053594,133990.14416634038,0.0006803345340400551,2.2677817801314544,141042.2570172004,0.95
dual_momentum,webull_current,2024-12-31,2025-01-02,sell,SPY,226.7781780133517,579.4596102256324,131408.79463929587,2.7519232488161385,2.2677817801314544,138463.17459160148,0.9490523023676687
dual_momentum,webull_current,2024-12-31,2025-01-02,buy,QQQ,257.6548801896765,510.50943434648804,131535.2471422439,0.0007729646405690295,2.5765488018944214,138458.15488657253,0.95
dual_momentum,webull_current,2025-01-31,2025-02-03,sell,QQQ,257.6548801896765,509.66552418717373,131317.8095712549,2.7561625434454076,2.5765488018944214,138243.29309142078,0.949903656334445
dual_momentum,webull_current,2025-01-31,2025-02-03,buy,SPY,225.37342163417287,582.7043020815504,131326.0623610717,0.0006761202649025186,2.2537342163396787,138237.96038007547,0.9500000000000001
dual_momentum,webull_current,2025-04-30,2025-05-01,sell,SPY,225.37342163417287,552.5852816524762,124538.03567070168,2.6101074723000206,2.2537342163396787,131452.18674780155,0.9474017797028735
dual_momentum,webull_current,2025-04-30,2025-05-01,buy,QQQ,259.85123914814926,480.5632529218463,124874.95676080722,0.0007795537174444478,2.5985123914791295,131447.32290611288,0.95
dual_momentum,robinhood_current,2021-12-31,2022-01-03,buy,SPY,211.97323865237615,448.16978126090015,95000,0,2.1197323865218336,100000,0.95
dual_momentum,robinhood_current,2022-05-31,2022-06-01,sell,SPY,211.97323865237615,391.84500433737753,83060.65461914829,1.76,2.1197323865218336,88062.77435153481,0.9431982495529981
dual_momentum,robinhood_current,2022-05-31,2022-06-01,buy,BIL,1088.3648036432216,76.863887556965,83655.94988819088,0,10.883648036437785,88058.8946191483,0.95
dual_momentum,robinhood_current,2023-04-28,2023-05-01,sell,BIL,1088.3648036432216,78.97074621795687,85948.98070106532,1.99,10.883648036437785,90362.80908005917,0.9511543695472845
dual_momentum,robinhood_current,2023-04-28,2023-05-01,buy,QQQ,271.50225202717115,316.1389565631733,85832.43866042158,0,2.715022520269242,90349.93543202273,0.95
dual_momentum,robinhood_current,2024-08-30,2024-09-03,sell,QQQ,271.50225202717115,468.27889291303313,127138.77400267901,2.67,2.715022520269242,131658.9857968004,0.9656672746887341
dual_momentum,robinhood_current,2024-08-30,2024-09-03,buy,SPY,228.43224670427168,547.5186736550506,125070.92073556613,0,2.284322467040639,131653.60077428014,0.95
dual_momentum,robinhood_current,2024-09-30,2024-10-01,sell,SPY,228.43224670427168,561.8478213673073,128344.16014083431,2.69,2.284322467040639,134929.12450201536,0.9511968643872533
dual_momentum,robinhood_current,2024-09-30,2024-10-01,buy,QQQ,265.1994056519169,483.32665887950265,128177.94267057088,0,2.651994056516757,134924.1501795483,0.9499999999999998
dual_momentum,robinhood_current,2024-11-29,2024-12-02,sell,QQQ,265.1994056519169,506.4070995466131,134298.8618176729,2.82,2.651994056516757,141047.72132070683,0.952151942336674
dual_momentum,robinhood_current,2024-11-29,2024-12-02,buy,SPY,226.77816564791618,590.8423171053594,133990.1368603178,0,2.267781656477099,141042.24932665034,0.9499999999999998
dual_momentum,robinhood_current,2024-12-31,2025-01-02,sell,SPY,226.77816564791618,579.4596102256324,131408.78747402542,2.75,2.267781656477099,138463.16772201442,0.9490522977045295
dual_momentum,robinhood_current,2024-12-31,2025-01-02,buy,QQQ,257.6548709853337,510.50943434648804,131535.24244334004,0,2.5765487098509934,138458.14994035795,0.95
dual_momentum,robinhood_current,2025-01-31,2025-02-03,sell,QQQ,257.6548709853337,509.66552418717373,131317.8048801187,2.76,2.5765487098509934,138243.28892584646,0.9499036510232147
dual_momentum,robinhood_current,2025-01-31,2025-02-03,buy,SPY,225.3734085867457,582.7043020815504,131326.05475827976,0,2.2537340858654074,138237.9523771366,0.95
dual_momentum,robinhood_current,2025-04-30,2025-05-01,sell,SPY,225.3734085867457,552.5852816524762,124538.02846088547,2.61,2.2537340858654074,131452.17981382817,0.9474017748299419
dual_momentum,robinhood_current,2025-04-30,2025-05-01,buy,QQQ,259.85122565345944,480.5632529218463,124874.95027575518,0,2.598512256532231,131447.3160797423,0.95
sma_200,zero_cost,2021-12-31,2022-01-03,buy,SPY,211.97796851095595,448.15978126090016,95000,0,0,100000,0.95
sma_200,zero_cost,2022-01-21,2022-01-24,sell,SPY,211.97796851095595,406.5053054589265,86170.16884010885,0,0,91170.16884010885,0.945157499831235
sma_200,zero_cost,2022-01-21,2022-01-24,buy,BIL,1127.9885362587531,76.78416722688682,86611.66039810338,0,0,91170.16884010885,0.9499999999999997
sma_200,zero_cost,2022-01-24,2022-01-25,sell,BIL,1127.9885362587531,76.79253689767398,86621.10129080356,0,0,91179.60973280903,0.950005177085495
sma_200,zero_cost,2022-01-24,2022-01-25,buy,SPY,212.57930684239182,407.47441758472695,86620.62924616857,0,0,91179.60973280903,0.95
sma_200,zero_cost,2022-01-25,2022-01-26,sell,SPY,212.57930684239182,414.6818862839636,88152.78794634053,0,0,92711.76843298099,0.9508263021653391
sma_200,zero_cost,2022-01-25,2022-01-26,buy,BIL,1147.0620490272456,76.78414614625603,88076.18001133193,0,0,92711.76843298099,0.95
sma_200,zero_cost,2022-01-28,2022-01-31,sell,BIL,1147.0620490272456,76.79256258684192,88085.8341909159,0,0,92721.42261256496,0.9500052060135145
sma_200,zero_cost,2022-01-28,2022-01-31,buy,SPY,212.16635080102068,415.17116710249303,88085.35148193671,0,0,92721.42261256496,0.9500000000000001
sma_200,zero_cost,2022-02-11,2022-02-14,sell,SPY,212.16635080102068,413.9291255162954,87821.83205105005,0,0,92457.9031816783,0.9498574922089846
sma_200,zero_cost,2022-02-11,2022-02-14,buy,BIL,1143.9211821384035,76.7841433431619,87835.0080225944,0,0,92457.9031816783,0.9500000000000002
sma_200,zero_cost,2022-02-15,2022-02-16,sell,BIL,1143.9211821384035,76.79254150390625,87844.61485656086,0,0,92467.51001564476,0.9500051947078304
sma_200,zero_cost,2022-02-15,2022-02-16,buy,SPY,210.30328540832352,417.7021502270157,87844.13451486251,0,0,92467.51001564476,0.9499999999999998
sma_200,zero_cost,2022-02-17,2022-02-18,sell,SPY,210.30328540832352,411.49214366579196,86538.14973262991,0,0,91161.52523341216,0.9492836973828109
sma_200,zero_cost,2022-02-17,2022-02-18,buy,BIL,1127.7585983703411,76.79254150390625,86603.44897174156,0,0,91161.52523341216,0.9500000000000001
sma_200,zero_cost,2022-03-18,2022-03-21,sell,BIL,1127.7585983703411,76.80262756347656,86614.82361214566,0,0,91172.89987381626,0.9500062379503229
sma_200,zero_cost,2022-03-18,2022-03-21,buy,SPY,206.52593854403926,419.3868116069883,86614.25488012545,0,0,91172.89987381626,0.95
sma_200,zero_cost,2022-04-11,2022-04-12,sell,SPY,206.52593854403926,418.1975577653763,86368.64311431942,0,0,90927.28810801024,0.9498649405635444
sma_200,zero_cost,2022-04-11,2022-04-12,buy,BIL,1124.7127578325074,76.80265303389899,86380.92370260973,0,0,90927.28810801024,0.95
sma_200,zero_cost,2022-08-16,2022-08-17,sell,BIL,1124.7127578325074,76.99693057570927,86599.43013244409,0,0,91145.7945378446,0.9501198664353865
sma_200,zero_cost,2022-08-16,2022-08-17,buy,SPY,214.4721890234625,403.7283584655346,86588.50481095236,0,0,91145.7945378446,0.95
sma_200,zero_cost,2022-08-17,2022-08-18,sell,SPY,214.4721890234625,404.6288399076743,86781.63303702307,0,0,91338.92276391531,0.9501057206611522
sma_200,zero_cost,2022-08-17,2022-08-18,buy,BIL,1126.7073755314764,77.01376462969237,86771.97662571954,0,0,91338.92276391531,0.95
sma_200,zero_cost,2022-11-30,2022-12-01,sell,BIL,1126.7073755314764,77.61524963378906,87449.67421610685,0,0,92016.62035430262,0.950368247381711
sma_200,zero_cost,2022-11-30,2022-12-01,buy,SPY,224.67726288509863,389.07270016589297,87415.78933658749,0,0,92016.62035430262,0.9500000000000001
sma_200,zero_cost,2022-12-05,2022-12-06,sell,SPY,224.67726288509863,380.1731688832667,85416.26700704671,0,0,90017.09802476184,0.9488893652575922
sma_200,zero_cost,2022-12-05,2022-12-06,buy,BIL,1101.3148454785548,77.64922399313008,85516.24312352375,0,0,90017.09802476184,0.95
sma_200,zero_cost,2022-12-13,2022-12-14,sell,BIL,1101.3148454785548,77.72560186400601,85600.35920658545,0,0,90101.21410782354,0.9500466786623768
sma_200,zero_cost,2022-12-13,2022-12-14,buy,SPY,223.92263753556483,382.2577044665144,85596.15340243236,0,0,90101.21410782354,0.95
sma_200,zero_cost,2022-12-14,2022-12-15,sell,SPY,223.92263753556483,375.2999318308924,84038.1506024911,0,0,88543.21130788229,0.9491202020025432
sma_200,zero_cost,2022-12-14,2022-12-15,buy,BIL,1081.9813534651512,77.74260662912377,84116.05074248817,0,0,88543.21130788229,0.95
sma_200,zero_cost,2023-01-11,2023-01-12,sell,BIL,1081.9813534651512,77.95627429687778,84347.2351748364,0,0,88774.39574023052,0.9501302089585744
sma_200,zero_cost,2023-01-11,2023-01-12,buy,SPY,222.35174637316226,379.2894696301709,84335.67595321899,0,0,88774.39574023052,0.95
sma_200,zero_cost,2023-01-18,2023-01-19,sell,SPY,222.35174637316226,372.2997219516563,82781.49335019352,0,0,87220.21313720505,0.9491090467753267
sma_200,zero_cost,2023-01-18,2023-01-19,buy,BIL,1062.1971415676403,78.00736721815811,82859.20248034479,0,0,87220.21313720505,0.9499999999999998
sma_200,zero_cost,2023-01-20,2023-01-23,sell,BIL,1062.1971415676403,78.03293011252133,82886.3553136676,0,0,87247.36597052787,0.9500155608327085
sma_200,zero_cost,2023-01-20,2023-01-23,buy,SPY,218.49948047925963,379.3372757234957,82884.99767200147,0,0,87247.36597052787,0.9499999999999998
sma_200,zero_cost,2023-03-10,2023-03-13,sell,SPY,218.49948047925963,365.0805650006383,79769.91378571404,0,0,84132.28208424045,0.9481486988055498
sma_200,zero_cost,2023-03-10,2023-03-13,buy,BIL,1017.8885834412353,78.52103784268712,79925.66798002842,0,0,84132.28208424045,0.95
sma_200,zero_cost,2023-03-14,2023-03-15,sell,BIL,1017.8885834412353,78.53816648238377,79943.10302682553,0,0,84149.71713103756,0.9500103595397533
sma_200,zero_cost,2023-03-14,2023-03-15,buy,SPY,216.65628845742745,368.98181836154816,79942.23127448568,0,0,84149.71713103756,0.95
sma_200,zero_cost,2023-03-15,2023-03-16,sell,SPY,216.65628845742745,369.8710106095369,80134.88036666003,0,0,84342.36622321191,0.9501142065967562
sma_200,zero_cost,2023-03-15,2023-03-16,buy,BIL,1019.7625020762976,78.5724595176931,80125.24791205132,0,0,84342.36622321191,0.9500000000000001
sma_200,zero_cost,2023-03-16,2023-03-17,sell,BIL,1019.7625020762976,78.57243750596047,80125.22546531177,0,0,84342.34377647236,0.9499999866930782
sma_200,zero_cost,2023-03-16,2023-03-17,buy,SPY,212.29410227706825,377.4255889740926,80125.22658764874,0,0,84342.34377647236,0.9499999999999998
sma_200,zero_cost,2023-10-25,2023-10-26,sell,SPY,212.29410227706825,402.6225823087564,85474.39966771247,0,0,89691.5168565361,0.9529819838416935
sma_200,zero_cost,2023-10-25,2023-10-26,buy,BIL,1052.2355117049058,80.9770627068564,85206.9410137093,0,0,89691.5168565361,0.9500000000000001
sma_200,zero_cost,2023-11-01,2023-11-02,sell,BIL,1052.2355117049058,81.05493927001953,85288.88549899907,0,0,89773.46134182587,0.9500456395932968
sma_200,zero_cost,2023-11-01,2023-11-02,buy,SPY,206.7930300279959,412.41616442869764,85284.78827473457,0,0,89773.46134182587,0.95
sma_200,zero_cost,2025-03-10,2025-03-11,sell,SPY,206.7930300279959,549.9844552948313,113732.95197871502,0,0,118221.62504580632,0.9620317089588972
sma_200,zero_cost,2025-03-10,2025-03-11,buy,BIL,1296.2969589882025,86.63951806318951,112310.543793516,0,0,118221.62504580632,0.9500000000000001
sma_200,zero_cost,2025-03-24,2025-03-25,sell,BIL,1296.2969589882025,86.7815170288086,112494.6166208275,0,0,118405.69787311781,0.9500777297168203
sma_200,zero_cost,2025-03-24,2025-03-25,buy,SPY,198.27567846761553,567.3182603575567,112485.41297946191,0,0,118405.69787311781,0.95
sma_200,zero_cost,2025-03-26,2025-03-27,sell,SPY,198.27567846761553,559.3108077400744,110897.72987893333,0,0,116818.01477258923,0.949320445950216
sma_200,zero_cost,2025-03-26,2025-03-27,buy,BIL,1278.531520774027,86.80045210521979,110977.11403395976,0,0,116818.01477258923,0.95
sma_200,zero_cost,2025-05-12,2025-05-13,sell,BIL,1278.531520774027,87.26913452148438,111576.33927638656,0,0,117417.24001501602,0.9502551691908062
sma_200,zero_cost,2025-05-12,2025-05-13,buy,SPY,193.88726336647892,575.3156554869938,111546.37801426522,0,0,117417.24001501602,0.9500000000000001
sma_200,zero_cost,2026-03-20,2026-03-23,sell,SPY,193.88726336647892,656.3790129905765,127263.5305599334,0,0,133134.39256068418,0.9559027394211846
sma_200,zero_cost,2026-03-20,2026-03-23,buy,BIL,1401.4935642013807,90.24491882324219,126477.67293264996,0,0,133134.39256068418,0.95
sma_200,zero_cost,2026-04-08,2026-04-09,sell,BIL,1401.4935642013807,90.38704681396484,126676.86439694064,0,0,133333.58402497484,0.9500746966586653
sma_200,zero_cost,2026-04-08,2026-04-09,buy,SPY,188.1827219184325,673.1059235004034,126666.9048237261,0,0,133333.58402497484,0.95
sma_200,webull_current,2021-12-31,2022-01-03,buy,SPY,211.97323865237615,448.16978126090015,95000,0.0006359197159571285,2.1197323865218336,100000,0.95
sma_200,webull_current,2022-01-21,2022-01-24,sell,SPY,211.97323865237615,406.4953054589265,86166.12639511557,1.8169929049925513,2.1197323865218336,91168.24549158238,0.9451330990357969
sma_200,webull_current,2022-01-21,2022-01-24,buy,BIL,1127.7691581979182,76.79416722688683,86606.09332797631,0.0033833074745937544,11.277691581984952,91164.30876629087,0.9499999999999998
sma_200,webull_current,2022-01-24,2022-01-25,sell,BIL,1127.7691581979182,76.78253689767398,86592.97700139038,2.0071136195518293,11.277691581984952,91162.46674797944,0.949875317007146
sma_200,webull_current,2022-01-24,2022-01-25,buy,SPY,212.50315130794976,407.48441758472694,86591.72284563901,0.0006375094539238493,2.1250315130775648,91149.18194277791,0.95
sma_200,webull_current,2022-01-25,2022-01-26,sell,SPY,212.50315130794976,414.6718862839636,88119.08259415405,1.8573287253985475,2.1250315130775648,92678.66608529657,0.9508022322316755
sma_200,webull_current,2022-01-25,2022-01-26,buy,BIL,1146.453915525402,76.79414614625604,88040.94953880519,0.003439361746576206,11.464539155259885,92674.6837250581,0.95
sma_200,webull_current,2022-01-28,2022-01-31,sell,BIL,1146.453915525402,76.78256258684192,88027.66952175915,2.040367867422268,11.464539155259885,92672.86480780557,0.9498753459744651
sma_200,webull_current,2022-01-28,2022-01-31,buy,SPY,212.01923131550245,415.181167102493,88026.39190574375,0.0006360576939465073,2.120192313153096,92659.35990078289,0.95
sma_200,webull_current,2022-02-11,2022-02-14,sell,SPY,212.01923131550245,413.9191255162954,87758.81481874993,1.8498113930667182,2.120192313153096,92393.90237004454,0.9498334042355876
sma_200,webull_current,2022-02-11,2022-02-14,buy,BIL,1142.9313737612893,76.7941433431619,87770.43574802141,0.0034287941212838677,11.42931373761874,92389.93236633831,0.9500000000000002
sma_200,webull_current,2022-02-15,2022-02-16,sell,BIL,1142.9313737612893,76.78254150390624,87757.17564194277,2.0340982302287562,11.42931373761874,92388.09814520317,0.9498753346347476
sma_200,webull_current,2022-02-15,2022-02-16,buy,SPY,210.0870251173697,417.7121502270157,87755.90299657355,0.0006302610753521091,2.1008702511717865,92374.63473323532,0.9500000000000001
sma_200,webull_current,2022-02-17,2022-02-18,sell,SPY,210.0870251173697,411.48214366579197,86447.05945166436,1.8224066556775251,2.1008702511717865,91067.89142831623,0.9492594820833297
sma_200,webull_current,2022-02-17,2022-02-18,buy,BIL,1126.4050388155304,76.80254150390626,86510.7697438389,0.003379215116446591,11.264050388161067,91063.96815140938,0.9499999999999998
sma_200,webull_current,2022-03-18,2022-03-21,sell,BIL,1126.4050388155304,76.79262756347656,86499.60263138438,2.004920011891993,11.264050388161067,91064.0617101279,0.9498763947815884
sma_200,webull_current,2022-03-18,2022-03-21,buy,SPY,206.2444222484884,419.3968116069883,86498.25310274144,0.0006187332667454652,2.062444222483008,91050.79273972784,0.9499999999999998
sma_200,webull_current,2022-04-11,2022-04-12,sell,SPY,206.2444222484884,418.1875577653763,86248.85124282641,1.8175627312074247,2.062444222483008,90803.45270530203,0.9498410982536386
sma_200,webull_current,2022-04-11,2022-04-12,buy,BIL,1122.9867822084311,76.812653033899,86259.59406343092,0.0033689603466252934,11.229867822090057,90799.57269834835,0.95
sma_200,webull_current,2022-08-16,2022-08-17,sell,BIL,1122.9867822084311,76.98693057570927,86455.30543931962,2.0033306749272533,11.229867822090057,91006.5105730988,0.9499903347011253
sma_200,webull_current,2022-08-16,2022-08-17,buy,SPY,214.10800260449122,403.7383584655346,86443.61350587169,0.0006423240078134737,2.1410800260429648,90993.27737460178,0.9500000000000001
sma_200,webull_current,2022-08-17,2022-08-18,sell,SPY,214.10800260449122,404.6188399076743,86632.13162877854,1.827015296068527,2.1410800260429648,91183.93593521067,0.9500810722881459
sma_200,webull_current,2022-08-17,2022-08-18,buy,BIL,1124.6005679460395,77.02376462969238,86620.96944789412,0.0033738017038381185,11.24600567946615,91179.96783988856,0.95
sma_200,webull_current,2022-11-30,2022-12-01,sell,BIL,1124.6005679460395,77.60524963378906,87274.90781375335,2.020534013416635,11.24600567946615,91845.14883762554,0.950239712366823
sma_200,webull_current,2022-11-30,2022-12-01,buy,SPY,224.2204244646175,389.08270016589296,87240.28818303603,0.0006726612733938525,2.2422042446441357,91831.88229793267,0.95
sma_200,webull_current,2022-12-05,2022-12-06,sell,SPY,224.2204244646175,380.16316888326674,85240.34709282014,1.8003467941560891,2.2422042446441357,89834.18273930014,0.9488631664874009
sma_200,webull_current,2022-12-05,2022-12-06,buy,BIL,1098.8859892084106,77.65922399313008,85338.6331788483,0.003296657967625232,10.988859892089728,89830.14018826134,0.9500000000000002
sma_200,webull_current,2022-12-13,2022-12-14,sell,BIL,1098.8859892084106,77.715601864006,85400.58603125524,1.976831498107123,10.988859892089728,89903.0786039024,0.9499183716223516
sma_200,webull_current,2022-12-13,2022-12-14,buy,SPY,223.39215756157873,382.2677044665144,85395.6072668866,0.0006701764726847362,2.2339215756137554,89890.11291251221,0.95
sma_200,webull_current,2022-12-14,2022-12-15,sell,SPY,223.39215756157873,375.2899318308924,83836.82758284085,1.7712702954037138,2.2339215756137554,88333.56647986559,0.9490936562824087
sma_200,webull_current,2022-12-14,2022-12-15,buy,BIL,1079.2317693457694,77.75260662912378,83913.08322359485,0.0032376953080373084,10.792317693463215,88329.56128799458,0.95
sma_200,webull_current,2023-01-11,2023-01-12,sell,BIL,1079.2317693457694,77.94627429687777,84122.09552333006,1.9466030581110616,10.792317693463215,88549.36266772797,0.9500022697959922
sma_200,webull_current,2023-01-11,2023-01-12,buy,SPY,221.7503563652153,379.2994696301709,84109.79255962756,0.0006652510690956459,2.217503563650136,88536.62374697639,0.95
sma_200,webull_current,2023-01-18,2023-01-19,sell,SPY,221.7503563652153,372.2897219516563,82555.37851388671,1.7445473679463788,2.217503563650136,86984.42653954812,0.9490822874638634
sma_200,webull_current,2023-01-18,2023-01-19,buy,BIL,1059.1416271857183,78.01736721815811,82631.4412641857,0.0031774248815571553,10.591416271862602,86980.46448861653,0.95
sma_200,webull_current,2023-01-20,2023-01-23,sell,BIL,1059.1416271857183,78.02293011252132,82637.33315717342,1.9120391052205445,10.591416271862602,86996.94462045124,0.9498877635036741
sma_200,webull_current,2023-01-20,2023-01-23,buy,SPY,217.83527758099106,379.34727572349567,82635.21910682043,0.0006535058327429732,2.1783527758079293,86984.44116507414,0.95
sma_200,webull_current,2023-03-10,2023-03-13,sell,SPY,217.83527758099106,365.0705650006383,79525.24786356329,1.68135149095044,2.1783527758079293,83876.64762108696,0.948121439268995
sma_200,webull_current,2023-03-10,2023-03-13,buy,BIL,1014.6198332510512,78.53103784268713,79679.1485209792,0.0030438594997531537,10.146198332515702,83872.78791682022,0.95
sma_200,webull_current,2023-03-14,2023-03-15,sell,BIL,1014.6198332510512,78.52816648238377,79676.235181867,1.842225171730168,10.146198332515702,83880.01773218105,0.9498833850543973
sma_200,webull_current,2023-03-14,2023-03-15,buy,SPY,215.92518825221106,368.99181836154816,79674.62784324295,0.0006477755647566332,2.1592518825201465,83868.02930867679,0.95
sma_200,webull_current,2023-03-15,2023-03-16,sell,SPY,215.92518825221106,369.8610106095369,79862.30834301728,1.687916739140094,2.1592518825201465,84057.86841255808,0.9500872416970071
sma_200,webull_current,2023-03-15,2023-03-16,buy,BIL,1016.1468688029647,78.58245951769311,79851.32018173959,0.0030484406064088944,10.161468688034846,84054.02124393641,0.95
sma_200,webull_current,2023-03-16,2023-03-17,sell,BIL,1016.1468688029647,78.56243750596046,79830.97487721032,1.8457151624935195,10.161468688034846,84043.83435965457,0.9498730690413781
sma_200,webull_current,2023-03-16,2023-03-17,buy,SPY,211.50691177268249,377.4355889740926,79830.23581701385,0.0006345207353180475,2.115069117724901,84031.82717580405,0.95
sma_200,webull_current,2023-10-25,2023-10-26,sell,SPY,211.50691177268249,402.61258230875643,85155.34392495001,1.7960784533849612,2.115069117724901,89359.0497183372,0.9529571340940014
sma_200,webull_current,2023-10-25,2023-10-26,buy,BIL,1048.1597776855929,80.9870627068564,84887.38164222777,0.0031444793330567787,10.48159777686129,89355.1385707661,0.9499999999999998
sma_200,webull_current,2023-11-01,2023-11-02,sell,BIL,1048.1597776855929,81.04493927001953,84948.04552780604,1.9574653738545518,10.48159777686129,89426.2809096419,0.9499226028826945
sma_200,webull_current,2023-11-01,2023-11-02,buy,SPY,205.9596530977414,412.42616442869763,84943.14975416662,0.0006178789592932243,2.059596530975541,89413.84184649118,0.95
sma_200,webull_current,2025-03-10,2025-03-11,sell,SPY,205.9596530977414,549.9744552948313,113272.54802514274,2.3741945006312934,2.059596530975541,117745.29909611931,0.9620133363683138
sma_200,webull_current,2025-03-10,2025-03-11,buy,BIL,1290.8764473249978,86.64951806318952,111853.8220398333,0.0038726293419749933,12.908764473256582,117740.8653050877,0.95
sma_200,webull_current,2025-03-24,2025-03-25,sell,BIL,1290.8764473249978,86.77151702880859,112011.30763114899,2.5630264737720183,12.908764473256582,117911.25578824729,0.9499628078960178
sma_200,webull_current,2025-03-24,2025-03-25,buy,SPY,197.4183248457375,567.3282603575567,112000.99479743527,0.0005922549745372125,1.9741832484555795,117895.78399730027,0.9500000000000001
sma_200,webull_current,2025-03-26,2025-03-27,sell,SPY,197.4183248457375,559.3008077400744,110416.22854891338,2.313663136427072,1.9741832484555795,116312.99133977186,0.9493026297154292
sma_200,webull_current,2025-03-26,2025-03-27,buy,BIL,1272.8106540073393,86.8104521052198,110493.26831871762,0.0038184319620220178,12.728106540079905,116308.70349338697,0.95
sma_200,webull_current,2025-05-12,2025-05-13,sell,BIL,1272.8106540073393,87.25913452148437,111064.35607840492,2.539942244708594,12.728106540079905,116892.5155411824,0.9501408671394007
sma_200,webull_current,2025-05-12,2025-05-13,buy,SPY,192.99223675987767,575.3256554869938,111033.38511777773,0.000578976710279633,1.9299223675970214,116877.24749239761,0.95
sma_200,webull_current,2026-03-20,2026-03-23,sell,SPY,192.99223675987767,656.3690129905765,126674.12395692457,2.647699416391102,1.9299223675970214,132519.91567493533,0.955887447647113
sma_200,webull_current,2026-03-20,2026-03-23,buy,BIL,1394.822274418522,90.25491882324219,125889.57115049375,0.0041844668232555665,13.948222744192357,132515.33805315132,0.95
sma_200,webull_current,2026-04-08,2026-04-09,sell,BIL,1394.822274418522,90.37704681396484,126059.91799228368,2.873009120975911,13.948222744192357,132699.6289332186,0.9499643594009116
sma_200,webull_current,2026-04-08,2026-04-09,buy,SPY,187.26145514548986,673.1159235004034,126048.66731628578,0.0005617843654364696,1.8726145514531956,132682.80770135345,0.95
sma_200,robinhood_current,2021-12-31,2022-01-03,buy,SPY,211.97323865237615,448.16978126090015,95000,0,2.1197323865218336,100000,0.95
sma_200,robinhood_current,2022-01-21,2022-01-24,sell,SPY,211.97323865237615,406.4953054589265,86166.12639511557,1.82,2.1197323865218336,91168.24612750209,0.9451330924432738
sma_200,robinhood_current,2022-01-21,2022-01-24,buy,BIL,1127.769128864746,76.79416722688683,86606.09107535979,0,11.27769128865323,91164.30639511556,0.95
sma_200,robinhood_current,2022-01-24,2022-01-25,sell,BIL,1127.769128864746,76.78253689767398,86592.974749115,2.0100000000000002,11.27769128865323,91162.46776015944,0.9498752817544783
sma_200,robinhood_current,2022-01-24,2022-01-25,buy,SPY,212.50314693916488,407.48441758472694,86591.72106542725,0,2.125031469389716,91149.18006887079,0.95
sma_200,robinhood_current,2022-01-25,2022-01-26,sell,SPY,212.50314693916488,414.6718862839636,88119.08078254179,1.86,2.125031469389716,92678.66481745472,0.9508022256913848
sma_200,robinhood_current,2022-01-25,2022-01-26,buy,BIL,1146.453866796178,76.79414614625604,88040.94579668605,0,11.464538667967647,92674.67978598532,0.95
sma_200,robinhood_current,2022-01-28,2022-01-31,sell,BIL,1146.453866796178,76.78256258684192,88027.66578020448,2.04,11.464538667967647,92672.86430817172,0.9498753107218071
sma_200,robinhood_current,2022-01-28,2022-01-31,buy,SPY,212.01923101511508,415.181167102493,88026.39178102856,0,2.1201923101492226,92659.35976950376,0.95
sma_200,robinhood_current,2022-02-11,2022-02-14,sell,SPY,212.01923101511508,413.9191255162954,87758.81469441386,1.85,2.1201923101492226,92393.9028751992,0.9498333976967487
sma_200,robinhood_current,2022-02-11,2022-02-14,buy,BIL,1142.9313776772544,76.7941433431619,87770.4360487446,0,11.429313776778391,92389.93268288905,0.95
sma_200,robinhood_current,2022-02-15,2022-02-16,sell,BIL,1142.9313776772544,76.78254150390624,87757.17594262054,2.0300000000000002,11.429313776778391,92388.10189054176,0.9498752993820808
sma_200,robinhood_current,2022-02-15,2022-02-16,buy,SPY,210.08704295585773,417.7121502270157,87755.91044792674,0,2.1008704295566667,92374.64257676499,0.95
sma_200,robinhood_current,2022-02-17,2022-02-18,sell,SPY,210.08704295585773,411.48214366579197,86447.06679188366,1.83,2.1008704295566667,91067.89979115146,0.9492594755137114
sma_200,robinhood_current,2022-02-17,2022-02-18,buy,BIL,1126.405048331451,76.80254150390626,86510.7704746858,0,11.264050483320274,91063.9689207219,0.95
sma_200,robinhood_current,2022-03-18,2022-03-21,sell,BIL,1126.405048331451,76.79262756347656,86499.60336213694,2.0100000000000002,11.264050483320274,91064.06585865635,0.9498763595334732
sma_200,robinhood_current,2022-03-18,2022-03-21,buy,SPY,206.2444201383697,419.3968116069883,86498.25221776438,0,2.062444201381821,91050.79180817305,0.9499999999999998
sma_200,robinhood_current,2022-04-11,2022-04-12,sell,SPY,206.2444201383697,418.1875577653763,86248.85036040102,1.82,2.062444201381821,90803.45239501106,0.9498410917814367
sma_200,robinhood_current,2022-04-11,2022-04-12,buy,BIL,1122.9867482275486,76.812653033899,86259.59145326918,0,11.22986748228123,90799.56995080967,0.95
sma_200,robinhood_current,2022-08-16,2022-08-17,sell,BIL,1122.9867482275486,76.98693057570927,86455.30282323578,2.0100000000000002,11.22986748228123,91006.51118825855,0.9499902995335354
sma_200,robinhood_current,2022-08-16,2022-08-17,buy,SPY,214.1079883597852,403.7383584655346,86443.60775473746,0,2.141079883595905,90993.27132077627,0.95
sma_200,robinhood_current,2022-08-17,2022-08-18,sell,SPY,214.1079883597852,404.6188399076743,86632.12586510212,1.83,2.141079883595905,91183.93051102453,0.9500810655955209
sma_200,robinhood_current,2022-08-17,2022-08-18,buy,BIL,1124.6004642337596,77.02376462969238,86620.96145958388,0,11.24600464234335,91179.95943114093,0.95
sma_200,robinhood_current,2022-11-30,2022-12-01,sell,BIL,1124.6004642337596,77.60524963378906,87274.89976513597,2.02,11.24600464234335,91845.14374133537,0.9502396774611117
sma_200,robinhood_current,2022-11-30,2022-12-01,buy,SPY,224.220413327711,389.08270016589296,87240.28384985836,0,2.2422041332750706,91831.87773669302,0.95
sma_200,robinhood_current,2022-12-05,2022-12-06,sell,SPY,224.220413327711,380.16316888326674,85240.34285897846,1.8,2.2422041332750706,89834.17894994639,0.9488631593824939
sma_200,robinhood_current,2022-12-05,2022-12-06,buy,BIL,1098.8859470971756,77.65922399313008,85338.62990852246,0,10.988859470977378,89830.13674581311,0.9500000000000001
sma_200,robinhood_current,2022-12-13,2022-12-14,sell,BIL,1098.8859470971756,77.715601864006,85400.58275855526,1.97,10.988859470977378,89903.07845531689,0.9499183367897749
sma_200,robinhood_current,2022-12-13,2022-12-14,buy,SPY,223.3921741707951,382.2677044665144,85395.61361605361,0,2.2339217417059194,89890.11959584591,0.95
sma_200,robinhood_current,2022-12-14,2022-12-15,sell,SPY,223.3921741707951,375.2899318308924,83836.83381611253,1.77,2.2339217417059194,88333.57371764653,0.9490936490817456
sma_200,robinhood_current,2022-12-14,2022-12-15,buy,BIL,1079.2318732974577,77.75260662912378,83913.09130610958,0,10.792318732980098,88329.56979590483,0.95
sma_200,robinhood_current,2023-01-11,2023-01-12,sell,BIL,1079.2318732974577,77.94627429687777,84122.10362597687,1.95,10.792318732980098,88549.37443450511,0.9500022350603636
sma_200,robinhood_current,2023-01-11,2023-01-12,buy,SPY,221.7503773258456,379.2994696301709,84109.80050998351,0,2.217503773256439,88536.63211577212,0.95
sma_200,robinhood_current,2023-01-18,2023-01-19,sell,SPY,221.7503773258456,372.2897219516563,82555.38631731393,1.75,2.217503773256439,86984.43542687579,0.9490822802053457
sma_200,robinhood_current,2023-01-18,2023-01-19,buy,BIL,1059.1416690066849,78.01736721815811,82631.44452694741,0,10.591416690072267,86980.46792310254,0.95
sma_200,robinhood_current,2023-01-20,2023-01-23,sell,BIL,1059.1416690066849,78.02293011252132,82637.33642016776,1.92,10.591416690072267,86996.95123301297,0.9498877288105373
sma_200,robinhood_current,2023-01-20,2023-01-23,buy,SPY,217.83527420331112,379.34727572349567,82635.21782550674,0,2.17835274203113,86984.43981632289,0.95
sma_200,robinhood_current,2023-03-10,2023-03-13,sell,SPY,217.83527420331112,365.0705650006383,79525.24663047175,1.68,2.17835274203113,83876.64697402994,0.9481214318819221
sma_200,robinhood_current,2023-03-10,2023-03-13,buy,BIL,1014.6198417730869,78.53103784268713,79679.14919022351,0,10.146198417736061,83872.78862128791,0.95
sma_200,robinhood_current,2023-03-14,2023-03-15,sell,BIL,1014.6198417730869,78.52816648238377,79676.23585108685,1.8499999999999999,10.146198417736061,83880.02148056898,0.949883350584788
sma_200,robinhood_current,2023-03-14,2023-03-15,buy,SPY,215.9251778855875,368.99181836154816,79674.62401804367,0,2.159251778853911,83868.02528215124,0.95
sma_200,robinhood_current,2023-03-15,2023-03-16,sell,SPY,215.9251778855875,369.8610106095369,79862.30450880741,1.69,2.159251778853911,84057.86502469383,0.9500872343753451
sma_200,robinhood_current,2023-03-15,2023-03-16,buy,BIL,1016.1468026626276,78.58245951769311,79851.31498426922,0,10.161468026631475,84054.01577291498,0.9499999999999998
sma_200,robinhood_current,2023-03-16,2023-03-17,sell,BIL,1016.1468026626276,78.56243750596046,79830.96968106422,1.8499999999999999,10.161468026631475,84043.8319377366,0.9498730345875536
sma_200,robinhood_current,2023-03-16,2023-03-17,buy,SPY,211.50689489353923,377.4355889740926,79830.22944622448,0,2.1150689489334686,84031.82046970997,0.9500000000000001
sma_200,robinhood_current,2023-10-25,2023-10-26,sell,SPY,211.50689489353923,402.61258230875643,85155.33712919455,1.8,2.1150689489334686,89359.04322162899,0.9529571273272435
sma_200,robinhood_current,2023-10-25,2023-10-26,buy,BIL,1048.1596554786452,80.9870627068564,84887.37174504604,0,10.481596554791814,89355.12815268004,0.95
sma_200,robinhood_current,2023-11-01,2023-11-02,sell,BIL,1048.1596554786452,81.04493927001953,84948.03562355139,1.95,10.481596554791814,89426.27362774019,0.9499225694807478
sma_200,robinhood_current,2023-11-01,2023-11-02,buy,SPY,205.95965352317396,412.42616442869763,84943.14992962613,0,2.059596535229866,89413.8420311854,0.9500000000000001
sma_200,robinhood_current,2025-03-10,2025-03-11,sell,SPY,205.95965352317396,549.9744552948313,113272.54825911978,2.38,2.059596535229866,117745.29995721427,0.9620133313200631
sma_200,robinhood_current,2025-03-10,2025-03-11,buy,BIL,1290.8763931159458,86.64951806318952,111853.81734264508,0,12.908763931166062,117740.86036067904,0.95
sma_200,robinhood_current,2025-03-24,2025-03-25,sell,BIL,1290.8763931159458,86.77151702880859,112011.30292734731,2.56,12.908763931166062,117911.25470931243,0.9499627766958267
sma_200,robinhood_current,2025-03-24,2025-03-25,buy,SPY,197.4183281078294,567.3282603575567,112000.9966481122,0,1.9741832810764985,117895.78594538127,0.95
sma_200,robinhood_current,2025-03-26,2025-03-27,sell,SPY,197.4183281078294,559.3008077400744,110416.23037340403,2.32,1.9741832810764985,116312.99385395419,0.9493026248816681
sma_200,robinhood_current,2025-03-26,2025-03-27,buy,BIL,1272.8106121739186,86.8104521052198,110493.26468713944,0,12.728106121745697,116308.6996706731,0.95
sma_200,robinhood_current,2025-05-12,2025-05-13,sell,BIL,1272.8106121739186,87.25913452148437,111064.35242805684,2.54,12.728106121745697,116892.51551771224,0.9501408361019292
sma_200,robinhood_current,2025-05-12,2025-05-13,buy,SPY,192.99223662644584,575.3256554869938,111033.38504101097,0,1.9299223662627032,116877.2474115905,0.95
sma_200,robinhood_current,2026-03-20,2026-03-23,sell,SPY,192.99223662644584,656.3690129905765,126674.12386934404,2.65,1.9299223662627032,132519.91616228985,0.9558874434708606
sma_200,robinhood_current,2026-03-20,2026-03-23,buy,BIL,1394.8222553329542,90.25491882324219,125889.56942792737,0,13.948222553336677,132515.33623992358,0.9499999999999998
sma_200,robinhood_current,2026-04-08,2026-04-09,sell,BIL,1394.8222553329542,90.37704681396484,126059.91626738642,2.87,13.948222553336677,132699.63130193597,0.9499643294453323
sma_200,robinhood_current,2026-04-08,2026-04-09,buy,SPY,187.26146273575412,673.1159235004034,126048.6724254135,0,1.8726146273558382,132682.81307938264,0.95
sma_10m,zero_cost,2021-12-31,2022-01-03,buy,SPY,211.97796851095595,448.15978126090016,95000,0,0,100000,0.95
sma_10m,zero_cost,2022-02-28,2022-03-01,sell,SPY,211.97796851095595,409.3373718644921,86770.50452344878,0,0,91770.50452344878,0.9455162633575538
sma_10m,zero_cost,2022-02-28,2022-03-01,buy,BIL,1135.0190856494676,76.81102494183176,87181.97929727634,0,0,91770.50452344878,0.95
sma_10m,zero_cost,2022-03-31,2022-04-01,sell,BIL,1135.0190856494676,76.81106184460187,87182.02118262471,0,0,91770.54640879715,0.9500000228206925
sma_10m,zero_cost,2022-03-31,2022-04-01,buy,SPY,203.76624411984153,427.8530993439852,87182.0190883573,0,0,91770.54640879715,0.9500000000000001
sma_10m,zero_cost,2022-04-29,2022-05-02,sell,SPY,203.76624411984153,388.92904179526005,79250.610075749,0,0,83839.13739618886,0.9452698648513476
sma_10m,zero_cost,2022-04-29,2022-05-02,buy,BIL,1036.6964633731363,76.8278694298122,79647.1805263794,0,0,83839.13739618886,0.9499999999999997
sma_10m,zero_cost,2022-11-30,2022-12-01,sell,BIL,1036.6964633731363,77.61524963378906,80463.45479917224,0,0,84655.4116689817,0.950482115825025
sma_10m,zero_cost,2022-11-30,2022-12-01,buy,SPY,206.70337716123998,389.07270016589297,80422.64108553261,0,0,84655.4116689817,0.95
sma_10m,zero_cost,2022-12-30,2023-01-03,sell,SPY,206.70337716123998,367.52841345608357,75969.36426408499,0,0,80202.13484753408,0.9472237167814089
sma_10m,zero_cost,2022-12-30,2023-01-03,buy,BIL,978.2232946375028,77.88817596435547,76192.02810515737,0,0,80202.13484753408,0.95
sma_10m,zero_cost,2023-01-31,2023-02-01,sell,BIL,978.2232946375028,78.12323595793053,76421.96926650984,0,0,80432.07600888655,0.9501429412075146
sma_10m,zero_cost,2023-01-31,2023-02-01,buy,SPY,197.21108542649654,387.4552591361378,76410.47220844222,0,0,80432.07600888655,0.9500000000000001
sma_10m,zero_cost,2023-10-31,2023-11-01,sell,SPY,197.21108542649654,405.2812643437381,79925.95804425146,0,0,83947.56184469578,0.9520938582125309
sma_10m,zero_cost,2023-10-31,2023-11-01,buy,BIL,984.2257733808406,81.0283432006836,79750.18375246099,0,0,83947.56184469578,0.95
sma_10m,zero_cost,2023-11-30,2023-12-01,sell,BIL,984.2257733808406,81.40860106912632,80124.44334711318,0,0,84321.82143934797,0.9502219233338794
sma_10m,zero_cost,2023-11-30,2023-12-01,buy,SPY,181.79530257466573,440.6369649429203,80105.73036738057,0,0,84321.82143934797,0.95
sma_10m,zero_cost,2025-03-31,2025-04-01,sell,SPY,181.79530257466573,549.715889513425,99935.76646419462,0,0,104151.85753616202,0.959519770729931
sma_10m,zero_cost,2025-03-31,2025-04-01,buy,BIL,1139.145975566907,86.85828399658203,98944.26465935391,0,0,104151.85753616202,0.95
sma_10m,zero_cost,2025-05-30,2025-06-02,sell,BIL,1139.145975566907,87.47510574802621,99646.91467515368,0,0,104854.50755196178,0.9503350595182813
sma_10m,zero_cost,2025-05-30,2025-06-02,buy,SPY,171.8613891295461,579.6053591727813,99611.78217436369,0,0,104854.50755196178,0.95
sma_10m,zero_cost,2026-03-31,2026-04-01,sell,SPY,171.8613891295461,652.219751792706,112091.39256082222,0,0,117334.11793842031,0.9553179802284822
sma_10m,zero_cost,2026-03-31,2026-04-01,buy,BIL,1234.0327440405454,90.3277587890625,111467.41204149928,0,0,117334.11793842031,0.9499999999999998
sma_10m,zero_cost,2026-04-30,2026-05-01,sell,BIL,1234.0327440405454,90.60459479405242,111809.03673638622,0,0,117675.74263330725,0.9501451551047148
sma_10m,zero_cost,2026-04-30,2026-05-01,buy,SPY,155.39682489000205,719.3966516418469,111791.95550164189,0,0,117675.74263330725,0.95
sma_10m,webull_current,2021-12-31,2022-01-03,buy,SPY,211.97323865237615,448.16978126090015,95000,0.0006359197159571285,2.1197323865218336,100000,0.95
sma_10m,webull_current,2022-02-28,2022-03-01,sell,SPY,211.97323865237615,409.32737186449214,86766.44868318191,1.8293595441267176,2.1197323865218336,91768.56777964871,0.945492021751089
sma_10m,webull_current,2022-02-28,2022-03-01,buy,BIL,1134.7985505184472,76.82102494183177,87176.38775333216,0.0034043956515553415,11.347985505190277,91764.61868771807,0.95
sma_10m,webull_current,2022-03-31,2022-04-01,sell,BIL,1134.7985505184472,76.80106184460186,87153.73365953182,2.020057026389008,11.347985505190277,91753.30917502726,0.9498701947989543
sma_10m,webull_current,2022-03-31,2022-04-01,buy,SPY,203.6935276949493,427.8630993439852,87152.9440758709,0.0006110805830848479,2.0369352769476405,91739.94113249569,0.9499999999999998
sma_10m,webull_current,2022-04-29,2022-05-02,sell,SPY,203.6935276949493,388.91904179526006,79220.29161101594,1.672269325670528,2.0369352769476405,83809.3249918371,0.9452443581753209
sma_10m,webull_current,2022-04-29,2022-05-02,buy,BIL,1036.147092425534,76.8378694298122,79615.33499787275,0.0031084412772766023,10.361470924260642,83805.61578723448,0.95
sma_10m,webull_current,2022-11-30,2022-12-01,sell,BIL,1036.147092425534,77.60524963378906,80410.45376500828,1.8616124718594262,10.361470924260642,84611.09291685298,0.950353564680075
sma_10m,webull_current,2022-11-30,2022-12-01,buy,SPY,206.5600097550397,389.08270016589296,80368.92634178403,0.000619680029265119,2.065600097548518,84598.86983345688,0.95
sma_10m,webull_current,2022-12-30,2023-01-03,sell,SPY,206.5600097550397,367.5184134560836,75914.60706864533,1.6047397875455915,2.065600097548518,80146.6155407357,0.9471966664651063
sma_10m,webull_current,2022-12-30,2023-01-03,buy,BIL,977.3758756000419,77.89817596435547,76135.79794080807,0.0029321276268001258,9.773758756005419,80142.9452008506,0.95
sma_10m,webull_current,2023-01-31,2023-02-01,sell,BIL,977.3758756000419,78.11323595793053,76345.99239033503,1.76624786660971,9.773758756005419,80362.91047700595,0.9500152736775223
sma_10m,webull_current,2023-01-31,2023-02-01,buy,SPY,197.00811917190214,387.4652591361378,76333.80194686417,0.0005910243575157064,1.9700811917172296,80351.37047038334,0.9500000000000001
sma_10m,webull_current,2023-10-31,2023-11-01,sell,SPY,197.00811917190214,405.2712643437381,79841.7295427786,1.6837472361772758,1.9700811917172296,83861.26755646513,0.9520691955797101
sma_10m,webull_current,2023-10-31,2023-11-01,buy,BIL,983.0498736178918,81.0383432006836,79664.73304163535,0.002949149620853675,9.830498736183946,83857.61372803722,0.9499999999999998
sma_10m,webull_current,2023-11-30,2023-12-01,sell,BIL,983.0498736178918,81.39860106912631,80018.88449367782,1.8430328955461055,9.830498736183946,84221.59272966624,0.9500993973187108
sma_10m,webull_current,2023-11-30,2023-12-01,buy,SPY,181.54992454899946,440.6469649429203,79999.42323813279,0.0005446497736469984,1.8154992454883434,84209.91919803452,0.95
sma_10m,webull_current,2025-03-31,2025-04-01,sell,SPY,181.54992454899946,549.7058895134251,99799.06276530295,2.091807578025943,1.8154992454883434,104011.37367980041,0.9595014394534863
sma_10m,webull_current,2025-03-31,2025-04-01,buy,BIL,1137.4357649129543,86.86828399658204,98807.09305432803,0.003412307294738863,11.374357649135362,104007.4663729769,0.9499999999999997
sma_10m,webull_current,2025-05-30,2025-06-02,sell,BIL,1137.4357649129543,87.4651057480262,99485.93945969862,2.2746226343225566,11.374357649135362,104697.68372368932,0.9502210165628386
sma_10m,webull_current,2025-05-30,2025-06-02,buy,SPY,171.57901603602937,579.6153591727813,99449.83300623557,0.0005147370481080882,1.7157901603587333,104684.03474340586,0.95
sma_10m,webull_current,2026-03-31,2026-04-01,sell,SPY,171.57901603602937,652.209751792706,111905.50746169544,2.33922609888606,1.7157901603587333,117141.42447428904,0.9553026007999176
sma_10m,webull_current,2026-03-31,2026-04-01,buy,BIL,1231.8271172186905,90.3377587890625,111280.5009851283,0.003695481351656072,12.318271172193207,117137.36945802979,0.95
sma_10m,webull_current,2026-04-30,2026-05-01,sell,BIL,1231.8271172186905,90.59459479405241,111596.87854075298,2.542797467148812,12.318271172193207,117466.0615893453,0.9500350742233049
sma_10m,webull_current,2026-04-30,2026-05-01,buy,SPY,155.0981496209734,719.4066516418469,111578.64049467066,0.00046529444886292024,1.5509814962083235,117451.20052070597,0.95
sma_10m,robinhood_current,2021-12-31,2022-01-03,buy,SPY,211.97323865237615,448.16978126090015,95000,0,2.1197323865218336,100000,0.95
sma_10m,robinhood_current,2022-02-28,2022-03-01,sell,SPY,211.97323865237615,409.32737186449214,86766.44868318191,1.83,2.1197323865218336,91768.56841556843,0.945492015199205
sma_10m,robinhood_current,2022-02-28,2022-03-01,buy,BIL,1134.7985504623512,76.82102494183177,87176.38774902282,0,11.347985504629317,91764.6186831819,0.9500000000000001
sma_10m,robinhood_current,2022-03-31,2022-04-01,sell,BIL,1134.7985504623512,76.80106184460186,87153.73365522358,2.02,11.347985504629317,91753.3125748873,0.94987015955517
sma_10m,robinhood_current,2022-03-31,2022-04-01,buy,SPY,203.69353537040118,427.8630993439852,87152.94735991352,0,2.0369353537021593,91739.94458938266,0.95
sma_10m,robinhood_current,2022-04-29,2022-05-02,sell,SPY,203.69353537040118,388.91904179526006,79220.29459614534,1.68,2.0369353537021593,83809.32876096819,0.9452443512832421
sma_10m,robinhood_current,2022-04-29,2022-05-02,buy,BIL,1036.147043445272,76.8378694298122,79615.33123433376,0,10.36147043445802,83805.61182561448,0.95
sma_10m,robinhood_current,2022-11-30,2022-12-01,sell,BIL,1036.147043445272,77.60524963378906,80410.4499638828,1.8599999999999999,10.36147043445802,84611.09202559799,0.9503535297659987
sma_10m,robinhood_current,2022-11-30,2022-12-01,buy,SPY,206.56001151718772,389.08270016589296,80368.92702740534,0,2.0656001151699983,84598.87055516352,0.95
sma_10m,robinhood_current,2022-12-30,2023-01-03,sell,SPY,206.56001151718772,367.5184134560836,75914.60771626719,1.61,2.0656001151699983,80146.61684414053,0.9471966591415425
sma_10m,robinhood_current,2022-12-30,2023-01-03,buy,BIL,977.3758273449457,77.89817596435547,76135.7941818241,0,9.773758273454458,80142.94124402537,0.95
sma_10m,robinhood_current,2023-01-31,2023-02-01,sell,BIL,977.3758273449457,78.11323595793053,76345.98862097331,1.77,9.773758273454458,80362.90944144804,0.9500152390151898
sma_10m,robinhood_current,2023-01-31,2023-02-01,buy,SPY,197.00810743446706,387.4652591361378,76333.79739901585,0,1.970081074342879,80351.36568317458,0.9500000000000001
sma_10m,robinhood_current,2023-10-31,2023-11-01,sell,SPY,197.00810743446706,405.2712643437381,79841.72478593346,1.69,1.970081074342879,83861.26315116652,0.9520691888698656
sma_10m,robinhood_current,2023-10-31,2023-11-01,buy,BIL,983.0497486764458,81.0383432006836,79664.72291658758,0,9.830497486769488,83857.60307009218,0.9500000000000001
sma_10m,robinhood_current,2023-11-30,2023-12-01,sell,BIL,983.0497486764458,81.39860106912631,80018.87432361889,1.8399999999999999,9.830497486769488,84221.58497461028,0.9500993640495088
sma_10m,robinhood_current,2023-11-30,2023-12-01,buy,SPY,181.54991437108873,440.6469649429203,79999.41875326732,0,1.815499143709236,84209.9144771235,0.95
sma_10m,robinhood_current,2025-03-31,2025-04-01,sell,SPY,181.54991437108873,549.7058895134251,99799.05717044548,2.1,1.815499143709236,104011.36839344537,0.9595014344291105
sma_10m,robinhood_current,2025-03-31,2025-04-01,buy,BIL,1137.4356175088515,86.86828399658204,98807.08024958656,0,11.374356175094334,104007.45289430165,0.95
sma_10m,robinhood_current,2025-05-30,2025-06-02,sell,BIL,1137.4356175088515,87.4651057480262,99485.92656698318,2.27,11.374356175094334,104697.67356787335,0.9502209855932329
sma_10m,robinhood_current,2025-05-30,2025-06-02,buy,SPY,171.57900696946112,579.6153591727813,99449.82775111335,0,1.7157900696930506,104684.02921169826,0.9500000000000001
sma_10m,robinhood_current,2026-03-31,2026-04-01,sell,SPY,171.57900696946112,652.209751792706,111905.50154839121,2.34,1.7157900696930506,117141.41879904582,0.9553025966021742
sma_10m,robinhood_current,2026-03-31,2026-04-01,buy,BIL,1231.827049399862,90.3377587890625,111280.49485852732,0,12.318270494004922,117137.36300897613,0.9500000000000001
sma_10m,robinhood_current,2026-04-30,2026-05-01,sell,BIL,1231.827049399862,90.59459479405241,111596.87239673368,2.54,12.318270494004922,117466.0588176765,0.95003504433521
sma_10m,robinhood_current,2026-04-30,2026-05-01,buy,SPY,155.09814965593654,719.4066516418469,111578.64051982337,0,1.5509814965579547,117451.2005471825,0.95
spy_buy_hold,zero_cost,2021-12-31,2022-01-03,buy,SPY,211.97796851095595,448.15978126090016,95000,0,0,100000,0.95
spy_buy_hold,webull_current,2021-12-31,2022-01-03,buy,SPY,211.97323865237615,448.16978126090015,95000,0.0006359197159571285,2.1197323865218336,100000,0.95
spy_buy_hold,robinhood_current,2021-12-31,2022-01-03,buy,SPY,211.97323865237615,448.16978126090015,95000,0,2.1197323865218336,100000,0.95
